sp|P27695|APEX1_HUMAN,CAH1736175.1,56.371,259,108,4,61,318,63,317,8.75e-99,296,70.66
sp|P27695|APEX1_HUMAN,XP_027847042.1,56.371,259,108,4,61,318,63,317,9.97e-99,296,70.66
sp|P27695|APEX1_HUMAN,XP_060875266.1,53.532,269,120,4,51,318,54,318,1.88e-97,293,69.14
sp|P27695|APEX1_HUMAN,XP_008179147.1,53.704,270,118,5,51,318,53,317,2.03e-97,293,68.89
sp|P27695|APEX1_HUMAN,KAE9536858.1,55.985,259,109,4,61,318,63,317,2.08e-97,293,70.27
sp|P27695|APEX1_HUMAN,CAI6360691.1,53.160,269,121,4,51,318,53,317,9.04e-97,291,68.77
sp|P27695|APEX1_HUMAN,XP_022175101.1,53.160,269,121,4,51,318,53,317,1.28e-96,290,68.40
sp|P27695|APEX1_HUMAN,XP_025191346.1,53.532,269,120,4,51,318,54,318,1.59e-96,290,68.40
sp|P27695|APEX1_HUMAN,CAI6360690.1,53.160,269,121,4,51,318,44,308,1.68e-96,290,68.77
sp|P27695|APEX1_HUMAN,VVC40874.1,52.239,268,123,4,52,318,53,316,1.96e-96,290,68.66
sp|O15164|TIF1A_HUMAN,VVC41376.1,22.609,345,232,9,53,390,22,338,7.09e-20,99.0,43.48
sp|O15164|TIF1A_HUMAN,XP_060839896.1,23.209,349,225,9,53,390,22,338,7.57e-20,99.0,43.27
sp|O15164|TIF1A_HUMAN,XP_025415349.1,22.487,378,243,11,53,412,22,367,8.14e-20,98.6,43.12
sp|O15164|TIF1A_HUMAN,XP_015363868.1,22.923,349,226,9,53,390,22,338,1.19e-19,98.2,43.55
sp|O15164|TIF1A_HUMAN,XP_060839895.1,23.209,349,225,9,53,390,22,338,1.87e-19,97.4,43.27
sp|O15164|TIF1A_HUMAN,XP_026811040.1,23.209,349,225,9,53,390,22,338,2.34e-19,97.4,43.27
sp|O15164|TIF1A_HUMAN,XP_025208166.1,23.209,349,225,9,53,390,22,338,4.81e-19,96.3,43.27
sp|O15164|TIF1A_HUMAN,XP_022170632.1,22.923,349,226,9,53,390,22,338,6.72e-19,95.9,43.27
sp|O15164|TIF1A_HUMAN,CAI6349349.1,22.923,349,226,9,53,390,22,338,6.89e-19,95.9,43.27
sp|O15164|TIF1A_HUMAN,XP_060869666.1,22.636,349,227,9,53,390,22,338,5.08e-18,92.8,42.98
sp|P34972|CNR2_HUMAN,CAI6349652.1,26.073,303,189,12,30,309,7,297,2.99e-13,73.6,45.87
sp|P34972|CNR2_HUMAN,XP_029344486.1,25.592,211,132,8,118,309,93,297,3.62e-10,64.3,47.39
sp|P34972|CNR2_HUMAN,XP_022163605.1,25.592,211,132,8,118,309,92,296,5.63e-10,63.5,46.92
sp|P34972|CNR2_HUMAN,XP_025195941.1,25.728,206,138,5,118,309,92,296,7.12e-10,63.2,45.15
sp|P34972|CNR2_HUMAN,XP_060842169.1,25.359,209,135,7,118,309,92,296,7.51e-10,63.2,45.45
sp|P34972|CNR2_HUMAN,XP_026811509.1,25.359,209,135,7,118,309,92,296,9.40e-10,62.8,45.45
sp|P34972|CNR2_HUMAN,VVC40411.1,25.287,261,161,11,72,309,101,350,1.08e-09,62.8,45.59
sp|P34972|CNR2_HUMAN,KAF0760544.1,25.000,248,162,9,118,347,91,332,1.16e-09,62.4,43.95
sp|P34972|CNR2_HUMAN,XP_015365083.1,25.403,248,155,11,118,347,91,326,2.06e-09,61.6,45.56
sp|P34972|CNR2_HUMAN,XP_060870615.1,25.118,211,133,8,118,309,93,297,2.97e-09,61.2,46.92
sp|O60341|KDM1A_HUMAN,XP_060874077.1,65.562,694,219,4,163,837,51,743,0.0,948,79.83
sp|O60341|KDM1A_HUMAN,XP_050055723.1,65.385,702,219,5,159,837,43,743,0.0,930,79.77
sp|O60341|KDM1A_HUMAN,XP_029345612.1,65.562,694,219,4,163,837,51,743,0.0,928,79.83
sp|O60341|KDM1A_HUMAN,XP_025205800.1,64.815,702,223,5,159,837,43,743,0.0,923,79.34
sp|O60341|KDM1A_HUMAN,XP_050055722.1,64.196,715,220,6,158,837,42,755,0.0,920,78.32
sp|O60341|KDM1A_HUMAN,XP_060835474.1,64.387,702,226,5,159,837,43,743,0.0,919,79.34
sp|O60341|KDM1A_HUMAN,XP_026807108.1,64.387,702,226,5,159,837,43,743,0.0,918,79.34
sp|O60341|KDM1A_HUMAN,XP_025419821.1,64.296,703,227,6,158,837,43,744,0.0,897,79.09
sp|O60341|KDM1A_HUMAN,CAI6360853.1,64.634,410,138,2,163,566,51,459,0.0,535,80.24
sp|O60341|KDM1A_HUMAN,VVC25102.1,63.007,419,144,3,158,566,42,459,7.68e-179,526,79.00
sp|P16234|PGFRA_HUMAN,XP_001947268.3,33.689,656,362,17,347,971,352,965,2.43e-84,299,48.93
sp|P16234|PGFRA_HUMAN,XP_060867790.1,33.079,656,366,17,347,971,352,965,3.81e-84,298,48.63
sp|P16234|PGFRA_HUMAN,XP_029342978.1,33.689,656,362,17,347,971,419,1032,5.88e-84,299,48.93
sp|P16234|PGFRA_HUMAN,XP_029342979.1,33.689,656,362,17,347,971,403,1016,6.10e-84,299,48.93
sp|P16234|PGFRA_HUMAN,XP_060867789.1,33.079,656,366,17,347,971,405,1018,1.17e-83,298,48.63
sp|P16234|PGFRA_HUMAN,XP_060867788.1,33.079,656,366,17,347,971,419,1032,1.76e-83,298,48.63
sp|P16234|PGFRA_HUMAN,XP_060867787.1,33.079,656,366,17,347,971,574,1187,3.39e-83,298,48.63
sp|P16234|PGFRA_HUMAN,XP_060867786.1,33.079,656,366,17,347,971,574,1187,3.52e-83,298,48.63
sp|P16234|PGFRA_HUMAN,XP_025413380.1,32.281,570,291,13,428,961,254,764,2.95e-81,285,48.95
sp|P16234|PGFRA_HUMAN,XP_015379293.1,32.198,646,361,14,353,971,371,966,4.66e-81,290,47.83
sp|P29474|NOS3_HUMAN,XP_015378483.1,47.378,1144,563,14,70,1180,53,1190,0.0,1083,64.07
sp|P29474|NOS3_HUMAN,XP_015378488.1,47.378,1144,562,14,70,1180,53,1189,0.0,1080,63.90
sp|P29474|NOS3_HUMAN,XP_022163018.1,47.382,1146,559,16,70,1180,53,1189,0.0,1078,64.40
sp|P29474|NOS3_HUMAN,XP_060838897.1,47.382,1146,559,16,70,1180,52,1188,0.0,1078,64.49
sp|P29474|NOS3_HUMAN,XP_015378469.1,46.926,1155,563,15,70,1180,53,1201,0.0,1076,63.55
sp|P29474|NOS3_HUMAN,CAI6348451.1,47.203,1144,564,14,70,1180,53,1189,0.0,1075,63.81
sp|P29474|NOS3_HUMAN,XP_060861295.1,47.295,1146,560,16,70,1180,53,1189,0.0,1075,64.22
sp|P29474|NOS3_HUMAN,XP_029343919.1,47.382,1146,559,16,70,1180,53,1189,0.0,1075,64.22
sp|P29474|NOS3_HUMAN,XP_026808851.1,47.120,1146,562,17,70,1180,52,1188,0.0,1074,64.40
sp|P29474|NOS3_HUMAN,XP_015378477.1,46.926,1155,562,15,70,1180,53,1200,0.0,1073,63.38
sp|Q99714|HCD2_HUMAN,XP_015375793.1,56.175,251,110,0,9,259,3,253,3.23e-99,292,71.71
sp|Q99714|HCD2_HUMAN,XP_015375792.1,56.175,251,110,0,9,259,49,299,5.43e-99,293,71.71
sp|Q99714|HCD2_HUMAN,XP_022175269.1,55.777,251,111,0,9,259,3,253,1.19e-98,291,72.11
sp|Q99714|HCD2_HUMAN,XP_027852772.1,56.574,251,109,0,9,259,3,253,1.54e-98,291,71.71
sp|Q99714|HCD2_HUMAN,CAH1720342.1,56.175,251,110,0,9,259,3,253,2.81e-98,290,71.71
sp|Q99714|HCD2_HUMAN,XP_060834172.1,55.777,251,111,0,9,259,3,253,1.31e-97,288,71.31
sp|Q99714|HCD2_HUMAN,CAI6348481.1,54.980,251,113,0,9,259,3,253,2.34e-97,288,72.11
sp|Q99714|HCD2_HUMAN,XP_026807474.1,55.777,251,111,0,9,259,3,253,2.79e-97,288,71.31
sp|Q99714|HCD2_HUMAN,XP_060869298.1,54.980,251,113,0,9,259,3,253,2.85e-97,288,71.71
sp|Q99714|HCD2_HUMAN,XP_025412469.1,55.378,251,112,0,9,259,3,253,4.86e-97,287,72.51
sp|P67870|CSK2B_HUMAN,NP_001119697.1,90.566,212,20,0,1,212,1,212,1.34e-134,379,96.70
sp|P67870|CSK2B_HUMAN,VVC33599.1,90.566,212,20,0,1,212,1,212,2.08e-134,378,96.23
sp|P67870|CSK2B_HUMAN,XP_025409432.1,90.566,212,20,0,1,212,1,212,2.73e-134,378,96.23
sp|P67870|CSK2B_HUMAN,VVC33600.1,88.514,148,17,0,65,212,14,161,3.83e-92,270,94.59
sp|P67870|CSK2B_HUMAN,XP_015375690.1,62.903,186,15,3,1,186,1,132,1.96e-73,221,65.59
sp|P67870|CSK2B_HUMAN,XP_003246765.1,48.293,205,101,2,5,208,3,203,9.19e-67,209,61.95
sp|P67870|CSK2B_HUMAN,XP_060877036.1,48.020,202,100,2,8,208,6,203,2.94e-66,207,62.38
sp|P67870|CSK2B_HUMAN,XP_060834041.1,48.485,198,97,2,9,205,6,199,4.54e-66,207,62.63
sp|P67870|CSK2B_HUMAN,XP_022167381.1,47.343,207,103,3,8,212,6,208,4.95e-66,207,63.29
sp|P67870|CSK2B_HUMAN,XP_026807915.1,47.980,198,98,2,9,205,6,199,1.72e-65,206,63.13
sp|P08235|MCR_HUMAN,XP_015365917.1,28.779,344,207,6,592,906,319,653,9.84e-31,133,45.35
sp|P08235|MCR_HUMAN,XP_025208908.1,29.012,324,192,8,592,884,319,635,3.65e-30,131,44.75
sp|P08235|MCR_HUMAN,XP_060880001.1,28.882,322,195,5,592,884,319,635,7.72e-30,130,44.72
sp|P08235|MCR_HUMAN,XP_001947027.2,28.882,322,195,5,592,884,319,635,8.07e-30,130,44.72
sp|P08235|MCR_HUMAN,XP_029345434.1,28.882,322,195,5,592,884,319,635,8.20e-30,130,44.72
sp|P08235|MCR_HUMAN,QUS47834.1,28.882,322,195,5,592,884,319,635,8.28e-30,130,44.72
sp|P08235|MCR_HUMAN,CAI6353656.1,28.375,363,213,13,591,944,407,731,7.22e-27,120,46.56
sp|P08235|MCR_HUMAN,XP_022165760.1,28.375,363,213,13,591,944,406,730,7.33e-27,120,46.56
sp|P08235|MCR_HUMAN,XP_060857867.1,28.375,363,213,13,591,944,413,737,8.81e-27,120,46.56
sp|P08235|MCR_HUMAN,XP_026818506.1,27.978,361,217,12,591,944,414,738,9.64e-27,120,46.54
sp|Q16288|NTRK3_HUMAN,XP_025408639.1,43.027,337,171,7,492,824,330,649,3.64e-77,266,59.94
sp|Q16288|NTRK3_HUMAN,XP_025408633.1,43.027,337,171,7,492,824,334,653,3.65e-77,266,59.94
sp|Q16288|NTRK3_HUMAN,XP_022183016.1,43.293,328,165,7,501,824,267,577,5.78e-77,264,60.67
sp|Q16288|NTRK3_HUMAN,XP_015373279.1,43.161,329,166,7,501,825,340,651,6.64e-77,266,60.49
sp|Q16288|NTRK3_HUMAN,CAI6359986.1,43.293,328,165,7,501,824,341,651,8.57e-77,265,60.67
sp|Q16288|NTRK3_HUMAN,XP_001942959.2,43.161,329,166,7,501,825,341,652,8.66e-77,265,60.49
sp|Q16288|NTRK3_HUMAN,XP_060856481.1,43.293,328,165,7,501,824,341,651,8.75e-77,265,60.67
sp|Q16288|NTRK3_HUMAN,XP_027850333.1,43.161,329,166,7,501,825,341,652,1.40e-76,265,60.49
sp|Q16288|NTRK3_HUMAN,XP_025191056.1,41.813,342,178,7,501,838,341,665,1.41e-76,265,59.94
sp|Q16288|NTRK3_HUMAN,XP_060844356.1,43.161,329,166,7,501,825,342,653,1.61e-76,265,60.49
sp|Q14432|PDE3A_HUMAN,XP_015371015.1,31.362,389,200,11,667,1046,79,409,4.81e-43,169,47.56
sp|Q14432|PDE3A_HUMAN,CAI6358091.1,30.750,400,205,12,667,1060,82,415,1.44e-42,167,48.25
sp|Q14432|PDE3A_HUMAN,CAI6358092.1,30.750,400,205,12,667,1060,75,408,2.22e-42,167,48.25
sp|Q14432|PDE3A_HUMAN,XP_026816416.1,31.897,348,176,9,667,1011,228,517,2.24e-42,169,48.56
sp|Q14432|PDE3A_HUMAN,XP_026816415.1,31.897,348,176,9,667,1011,353,642,3.82e-42,170,48.56
sp|Q14432|PDE3A_HUMAN,XP_026816411.1,31.897,348,176,9,667,1011,432,721,4.45e-42,170,48.56
sp|Q14432|PDE3A_HUMAN,XP_025204141.1,29.600,375,199,7,651,1016,127,445,4.46e-42,165,45.87
sp|Q14432|PDE3A_HUMAN,XP_026816414.1,31.897,348,176,9,667,1011,387,676,5.07e-42,170,48.56
sp|Q14432|PDE3A_HUMAN,XP_026816412.1,31.897,348,176,9,667,1011,425,714,5.11e-42,170,48.56
sp|Q14432|PDE3A_HUMAN,XP_060844362.1,31.897,348,176,9,667,1011,423,712,5.39e-42,170,48.56
sp|P07339|CATD_HUMAN,XP_026808710.1,49.878,409,177,5,1,408,9,390,1.17e-142,414,67.24
sp|P07339|CATD_HUMAN,XP_060841320.1,52.442,389,158,5,21,408,28,390,1.18e-142,414,68.64
sp|P07339|CATD_HUMAN,XP_015363384.1,50.985,406,172,6,6,408,11,392,5.56e-141,410,66.26
sp|P07339|CATD_HUMAN,VVC41542.1,50.611,409,170,5,6,408,7,389,9.18e-141,409,65.53
sp|P07339|CATD_HUMAN,XP_027848604.1,51.157,389,163,4,21,408,28,390,2.24e-140,408,68.12
sp|P07339|CATD_HUMAN,KAF0766287.1,50.120,415,171,5,4,408,2,390,2.41e-140,408,65.78
sp|P07339|CATD_HUMAN,NP_001153867.2,51.804,388,163,5,21,408,28,391,4.26e-140,407,68.30
sp|P07339|CATD_HUMAN,XP_022168987.1,49.877,407,177,6,6,409,11,393,5.14e-140,407,66.58
sp|P07339|CATD_HUMAN,XP_060863757.1,51.804,388,163,5,21,408,28,391,5.91e-140,407,68.30
sp|P07339|CATD_HUMAN,XP_025193759.1,50.900,389,164,4,21,408,28,390,1.01e-139,407,67.61
sp|Q9NUW8|TYDP1_HUMAN,VVC44674.1,37.130,439,259,11,158,589,23,451,9.24e-86,277,53.99
sp|Q9NUW8|TYDP1_HUMAN,XP_025420674.1,36.842,437,257,10,158,588,29,452,1.50e-85,277,54.23
sp|Q9NUW8|TYDP1_HUMAN,XP_015371889.1,38.149,443,248,15,158,588,69,497,1.26e-81,268,53.27
sp|Q9NUW8|TYDP1_HUMAN,XP_060864486.1,37.698,443,251,14,158,588,178,607,3.80e-79,265,53.27
sp|Q9NUW8|TYDP1_HUMAN,XP_060852173.1,37.188,441,259,12,158,588,34,466,4.05e-79,260,53.74
sp|Q9NUW8|TYDP1_HUMAN,XP_001947945.1,37.557,442,253,13,158,588,250,679,5.37e-79,266,53.62
sp|Q9NUW8|TYDP1_HUMAN,KAF0768291.1,36.281,441,263,10,158,588,41,473,7.37e-78,257,51.93
sp|Q9NUW8|TYDP1_HUMAN,XP_026806449.1,36.878,442,259,13,158,588,34,466,8.44e-77,254,54.07
sp|Q9NUW8|TYDP1_HUMAN,XP_027839706.1,35.747,442,264,11,158,588,34,466,1.77e-75,251,51.81
sp|Q9NUW8|TYDP1_HUMAN,CAH1738102.1,35.747,442,264,11,158,588,34,466,2.08e-75,251,51.81
sp|P10275|ANDR_HUMAN,XP_025208908.1,25.914,301,175,5,560,815,333,630,1.76e-26,119,44.85
sp|P10275|ANDR_HUMAN,XP_029345434.1,25.497,302,175,6,560,815,333,630,7.30e-26,117,43.05
sp|P10275|ANDR_HUMAN,XP_060880001.1,25.497,302,175,6,560,815,333,630,7.72e-26,117,43.05
sp|P10275|ANDR_HUMAN,XP_001947027.2,25.497,302,175,6,560,815,333,630,8.06e-26,117,43.05
sp|P10275|ANDR_HUMAN,QUS47834.1,25.497,302,175,6,560,815,333,630,8.72e-26,117,43.05
sp|P10275|ANDR_HUMAN,VVC45261.1,27.969,261,163,5,560,815,102,342,1.57e-24,110,45.98
sp|P10275|ANDR_HUMAN,XP_025415740.1,29.771,262,156,7,560,815,84,323,1.25e-23,107,45.04
sp|P10275|ANDR_HUMAN,XP_015369584.1,28.195,266,156,8,560,815,103,343,1.58e-23,107,46.24
sp|P10275|ANDR_HUMAN,NP_001155140.1,28.185,259,165,6,560,815,104,344,1.88e-23,107,46.33
sp|P10275|ANDR_HUMAN,ACR45970.1,28.185,259,165,6,560,815,104,344,2.15e-23,107,46.33
sp|P23415|GLRA1_HUMAN,VVC45649.1,43.165,417,226,5,40,453,57,465,1.69e-112,342,60.19
sp|P23415|GLRA1_HUMAN,XP_025409097.1,44.390,410,216,6,40,446,56,456,1.12e-111,339,60.73
sp|P23415|GLRA1_HUMAN,CAI6348052.1,43.902,410,218,6,40,446,55,455,2.79e-111,338,60.98
sp|P23415|GLRA1_HUMAN,XP_029344552.1,43.902,410,218,6,40,446,55,455,2.94e-111,338,60.98
sp|P23415|GLRA1_HUMAN,XP_060871667.1,43.902,410,218,6,40,446,55,455,3.01e-111,338,60.98
sp|P23415|GLRA1_HUMAN,XP_022181804.1,43.932,412,215,7,40,446,54,454,3.18e-111,338,61.17
sp|P23415|GLRA1_HUMAN,XP_050058140.1,43.902,410,218,6,40,446,54,454,3.78e-111,338,60.73
sp|P23415|GLRA1_HUMAN,XP_060835846.1,43.932,412,215,7,40,446,54,454,8.15e-111,337,60.92
sp|P23415|GLRA1_HUMAN,XP_025409094.1,43.855,415,217,6,40,446,56,462,9.97e-111,337,60.00
sp|P23415|GLRA1_HUMAN,XP_026804167.1,43.932,412,215,7,40,446,54,454,1.08e-110,337,60.92
sp|Q969S8|HDA10_HUMAN,XP_025420399.1,34.168,679,362,16,1,612,3,663,2.66e-132,409,52.14
sp|Q969S8|HDA10_HUMAN,XP_025420399.1,22.047,254,172,7,107,358,490,719,1.44e-18,93.2,46.46
sp|Q969S8|HDA10_HUMAN,CAI6346245.1,32.440,746,403,15,3,662,2,732,1.46e-130,404,50.54
sp|Q969S8|HDA10_HUMAN,CAI6346246.1,32.396,747,403,15,3,662,2,733,2.38e-130,404,50.47
sp|Q969S8|HDA10_HUMAN,XP_060877006.1,31.565,735,423,15,3,662,2,731,1.25e-128,399,51.43
sp|Q969S8|HDA10_HUMAN,XP_060877005.1,31.793,736,420,16,3,662,19,748,1.80e-128,399,51.36
sp|Q969S8|HDA10_HUMAN,XP_022181288.1,32.838,673,379,12,3,607,2,669,2.73e-128,398,50.97
sp|Q969S8|HDA10_HUMAN,XP_022181288.1,24.684,316,199,13,50,358,446,729,1.37e-20,99.8,47.47
sp|Q969S8|HDA10_HUMAN,XP_016661954.1,31.886,737,419,17,3,662,2,732,3.12e-128,398,50.88
sp|Q969S8|HDA10_HUMAN,XP_008185547.1,31.843,738,419,18,3,662,2,733,7.07e-128,397,50.95
sp|Q969S8|HDA10_HUMAN,XP_025203106.1,31.343,737,422,18,3,662,2,731,8.47e-128,397,52.10
sp|Q969S8|HDA10_HUMAN,XP_022181287.1,32.838,673,379,12,3,607,42,709,1.25e-127,398,50.97
sp|Q969S8|HDA10_HUMAN,XP_022181287.1,24.684,316,199,13,50,358,486,769,1.73e-20,99.8,47.47
sp|O00206|TLR4_HUMAN,XP_060836010.1,26.005,373,241,11,469,817,843,1204,1.06e-26,120,46.65
sp|O00206|TLR4_HUMAN,XP_025205048.1,25.632,593,371,17,59,623,586,1136,1.53e-25,117,44.18
sp|O00206|TLR4_HUMAN,XP_060881901.1,26.190,378,234,12,469,817,843,1204,1.76e-24,113,46.30
sp|O00206|TLR4_HUMAN,XP_001947324.1,26.190,378,234,12,469,817,843,1204,2.24e-24,113,46.03
sp|O00206|TLR4_HUMAN,XP_016657466.1,28.098,573,337,19,38,579,51,579,3.25e-24,112,44.68
sp|O00206|TLR4_HUMAN,XP_026808006.1,26.190,378,234,12,469,817,843,1204,5.28e-24,112,46.56
sp|O00206|TLR4_HUMAN,XP_015371458.1,25.926,378,235,12,469,817,843,1204,9.38e-24,111,45.77
sp|O00206|TLR4_HUMAN,XP_016657465.1,25.749,734,357,30,38,612,51,755,9.28e-23,107,41.55
sp|O00206|TLR4_HUMAN,XP_016657467.1,28.364,550,341,18,38,579,51,555,1.33e-22,107,46.36
sp|O00206|TLR4_HUMAN,XP_029346816.1,27.229,617,334,21,38,579,51,627,1.66e-22,107,42.79
sp|P08238|HS90B_HUMAN,XP_026822811.1,77.885,728,156,4,1,724,1,727,0.0,1129,90.38
sp|P08238|HS90B_HUMAN,XP_060848640.1,77.885,728,156,4,1,724,1,727,0.0,1127,90.38
sp|P08238|HS90B_HUMAN,AMQ09609.1,77.473,728,159,4,1,724,1,727,0.0,1122,90.11
sp|P08238|HS90B_HUMAN,XP_060871933.1,77.885,728,157,3,1,724,1,728,0.0,1118,89.84
sp|P08238|HS90B_HUMAN,CAI6364118.1,77.885,728,157,3,1,724,1,728,0.0,1118,89.84
sp|P08238|HS90B_HUMAN,XP_001943172.1,77.747,728,158,3,1,724,1,728,0.0,1117,89.84
sp|P08238|HS90B_HUMAN,XP_025194775.1,78.297,728,152,5,1,724,1,726,0.0,1116,90.11
sp|P08238|HS90B_HUMAN,CAI6364117.1,78.412,718,152,2,10,724,5,722,0.0,1115,90.39
sp|P08238|HS90B_HUMAN,KAF0766947.1,78.159,728,154,4,1,724,1,727,0.0,1113,89.97
sp|P08238|HS90B_HUMAN,XP_022175707.1,77.335,728,161,3,1,724,1,728,0.0,1108,89.42
sp|P51151|RAB9A_HUMAN,KAF0752867.1,49.751,201,99,2,1,200,7,206,1.23e-67,208,68.16
sp|P51151|RAB9A_HUMAN,KAE9541295.1,49.505,202,98,3,1,200,7,206,2.19e-67,208,69.31
sp|P51151|RAB9A_HUMAN,XP_060834658.1,49.254,201,100,2,1,200,7,206,2.82e-67,207,68.16
sp|P51151|RAB9A_HUMAN,XP_001946007.1,49.254,201,100,2,1,200,7,206,3.75e-67,207,68.66
sp|P51151|RAB9A_HUMAN,XP_027838118.1,49.505,202,98,3,1,200,7,206,4.36e-67,207,69.31
sp|P51151|RAB9A_HUMAN,XP_025416564.1,50.249,201,98,2,1,200,7,206,8.77e-67,206,67.66
sp|P51151|RAB9A_HUMAN,XP_025194620.1,48.756,201,101,2,1,200,7,206,1.90e-66,206,68.16
sp|P51151|RAB9A_HUMAN,XP_026816426.1,55.491,173,77,0,4,176,5,177,2.05e-66,205,68.21
sp|P51151|RAB9A_HUMAN,NP_001155484.1,55.491,173,77,0,4,176,5,177,2.19e-66,205,68.21
sp|P51151|RAB9A_HUMAN,XP_027841121.1,55.491,173,77,0,4,176,5,177,2.28e-66,205,68.21
sp|P40763|STAT3_HUMAN,XP_003247962.1,26.478,744,466,25,1,708,4,702,3.50e-63,229,46.91
sp|P40763|STAT3_HUMAN,XP_001946645.2,26.478,744,466,25,1,708,4,702,3.63e-63,228,46.91
sp|P40763|STAT3_HUMAN,XP_060869318.1,26.478,744,466,25,1,708,4,702,4.38e-63,228,47.04
sp|P40763|STAT3_HUMAN,XP_060869313.1,26.478,744,466,25,1,708,4,702,4.75e-63,228,47.04
sp|P40763|STAT3_HUMAN,CAI6349925.1,26.478,744,466,25,1,708,37,735,4.94e-63,229,47.04
sp|P40763|STAT3_HUMAN,XP_050054568.1,26.478,744,466,25,1,708,4,702,1.74e-62,226,46.77
sp|P40763|STAT3_HUMAN,KAE9545698.1,26.344,744,467,25,1,708,13,711,1.89e-62,227,46.91
sp|P40763|STAT3_HUMAN,XP_027841453.1,26.344,744,467,25,1,708,4,702,2.00e-62,226,46.91
sp|P40763|STAT3_HUMAN,KAF0769308.1,26.344,744,467,25,1,708,19,717,2.18e-62,226,46.91
sp|P40763|STAT3_HUMAN,XP_060839801.1,26.872,748,458,24,1,708,4,702,3.21e-62,226,45.99
sp|P20618|PSB1_HUMAN,VVC41454.1,52.074,217,100,1,25,241,10,222,4.87e-80,242,71.89
sp|P20618|PSB1_HUMAN,QBH72807.1,52.074,217,100,1,25,241,10,222,5.25e-80,242,72.35
sp|P20618|PSB1_HUMAN,XP_025411673.1,51.613,217,101,1,25,241,10,222,1.74e-79,240,72.81
sp|P20618|PSB1_HUMAN,XP_026823445.1,51.152,217,102,1,25,241,10,222,1.88e-78,238,72.35
sp|P20618|PSB1_HUMAN,XP_022183667.1,51.152,217,102,1,25,241,10,222,2.06e-78,238,72.35
sp|P20618|PSB1_HUMAN,XP_025194905.1,51.152,217,102,1,25,241,10,222,4.04e-78,237,71.89
sp|P20618|PSB1_HUMAN,CAI6361681.1,50.691,217,103,1,25,241,10,222,5.61e-78,236,72.35
sp|P20618|PSB1_HUMAN,XP_060850097.1,50.691,217,103,1,25,241,10,222,1.23e-77,236,71.89
sp|P20618|PSB1_HUMAN,XP_060874320.1,50.691,217,103,1,25,241,10,222,1.34e-77,236,72.35
sp|P20618|PSB1_HUMAN,XP_027837603.1,50.691,217,103,1,25,241,10,222,1.86e-77,235,71.89
sp|Q13887|KLF5_HUMAN,VVC45367.1,55.769,156,52,1,301,456,160,298,1.97e-51,181,65.38
sp|Q13887|KLF5_HUMAN,CAH1716749.1,74.000,100,26,0,357,456,154,253,2.40e-51,179,86.00
sp|Q13887|KLF5_HUMAN,XP_027853643.1,74.000,100,26,0,357,456,164,263,2.60e-51,179,86.00
sp|Q13887|KLF5_HUMAN,VVC45366.1,55.769,156,52,1,301,456,220,358,5.31e-51,181,65.38
sp|Q13887|KLF5_HUMAN,XP_060838958.1,74.000,100,26,0,357,456,164,263,5.37e-51,178,86.00
sp|Q13887|KLF5_HUMAN,XP_015379213.1,74.000,100,26,0,357,456,188,287,8.96e-51,178,86.00
sp|Q13887|KLF5_HUMAN,XP_015379212.1,74.000,100,26,0,357,456,193,292,1.08e-50,178,86.00
sp|Q13887|KLF5_HUMAN,XP_027853567.1,72.549,102,28,0,355,456,242,343,1.40e-50,179,85.29
sp|Q13887|KLF5_HUMAN,XP_060838957.1,74.000,100,26,0,357,456,224,323,1.91e-50,179,86.00
sp|Q13887|KLF5_HUMAN,CAI6346154.1,74.000,100,26,0,357,456,184,283,1.97e-50,177,86.00
sp|P11388|TOP2A_HUMAN,KAE9537558.1,65.879,1228,394,6,26,1233,163,1385,0.0,1682,79.07
sp|P11388|TOP2A_HUMAN,XP_027852395.2,65.798,1228,395,6,26,1233,16,1238,0.0,1681,79.07
sp|P11388|TOP2A_HUMAN,CAH1721096.1,65.798,1228,395,6,26,1233,16,1238,0.0,1680,79.07
sp|P11388|TOP2A_HUMAN,XP_025192110.1,65.931,1224,400,6,26,1233,16,1238,0.0,1677,79.41
sp|P11388|TOP2A_HUMAN,KAF0751705.1,65.717,1228,396,6,26,1233,35,1257,0.0,1672,79.23
sp|P11388|TOP2A_HUMAN,XP_025409705.1,57.115,1539,583,21,26,1518,17,1524,0.0,1669,70.57
sp|P11388|TOP2A_HUMAN,XP_025409704.1,57.115,1539,583,21,26,1518,51,1558,0.0,1668,70.57
sp|P11388|TOP2A_HUMAN,XP_060835541.1,65.391,1228,400,6,26,1233,16,1238,0.0,1666,78.83
sp|P11388|TOP2A_HUMAN,XP_026820825.1,61.521,1354,480,9,26,1362,16,1345,0.0,1663,75.26
sp|P11388|TOP2A_HUMAN,XP_022176650.1,65.196,1224,409,7,26,1233,16,1238,0.0,1654,79.17
sp|P08684|CP3A4_HUMAN,XP_060856208.1,35.484,496,296,11,11,487,11,501,2.01e-90,288,55.44
sp|P08684|CP3A4_HUMAN,XP_025203197.1,34.325,504,298,12,10,487,4,500,4.50e-90,287,55.75
sp|P08684|CP3A4_HUMAN,XP_016660356.1,35.484,496,296,11,11,487,11,501,1.02e-89,286,55.24
sp|P08684|CP3A4_HUMAN,KAE9544105.1,34.739,498,301,11,9,487,9,501,1.16e-89,286,55.42
sp|P08684|CP3A4_HUMAN,VVC43815.1,34.599,474,288,10,20,474,20,490,1.30e-89,286,57.81
sp|P08684|CP3A4_HUMAN,XP_027848748.1,34.940,498,300,11,9,487,9,501,1.32e-89,286,55.42
sp|P08684|CP3A4_HUMAN,KAF0747604.1,34.739,498,301,11,9,487,9,501,3.13e-89,285,55.42
sp|P08684|CP3A4_HUMAN,XP_015368356.1,34.553,492,298,11,15,487,15,501,5.46e-89,284,55.89
sp|P08684|CP3A4_HUMAN,XP_060844896.1,34.739,498,301,11,9,487,9,501,7.06e-89,284,55.22
sp|P08684|CP3A4_HUMAN,XP_026818760.1,34.739,498,301,11,9,487,9,501,9.12e-89,283,55.42
sp|P00488|F13A_HUMAN,XP_060847944.1,34.820,695,422,11,46,718,3,688,3.00e-143,438,54.24
sp|P00488|F13A_HUMAN,XP_026820537.1,34.820,695,422,11,46,718,3,688,7.64e-143,437,54.10
sp|P00488|F13A_HUMAN,XP_025203382.1,34.870,694,423,10,46,718,3,688,1.71e-141,434,54.03
sp|P00488|F13A_HUMAN,XP_015363375.1,34.532,695,424,11,46,718,3,688,6.96e-141,432,53.96
sp|P00488|F13A_HUMAN,VVC46163.1,35.465,688,420,9,46,715,3,684,7.45e-141,432,52.91
sp|P00488|F13A_HUMAN,XP_022172154.1,34.388,695,425,11,46,718,3,688,9.81e-141,432,53.96
sp|P00488|F13A_HUMAN,XP_050061111.1,34.582,694,425,10,46,718,3,688,7.27e-140,429,53.75
sp|P00488|F13A_HUMAN,CAI6353623.1,34.245,695,426,12,46,718,3,688,8.36e-140,429,54.10
sp|P00488|F13A_HUMAN,XP_001947232.2,34.101,695,427,12,46,718,3,688,2.57e-139,428,53.96
sp|P00488|F13A_HUMAN,KAE9533539.1,34.286,700,425,11,46,718,3,694,3.59e-138,425,53.29
sp|Q00535|CDK5_HUMAN,XP_025206383.1,84.083,289,46,0,1,289,1,289,0.0,511,90.66
sp|Q00535|CDK5_HUMAN,VVC28271.1,84.083,289,46,0,1,289,1,289,0.0,511,90.66
sp|Q00535|CDK5_HUMAN,XP_015373120.1,84.083,289,46,0,1,289,1,289,0.0,510,90.66
sp|Q00535|CDK5_HUMAN,NP_001161896.1,83.737,289,47,0,1,289,1,289,0.0,509,90.66
sp|Q00535|CDK5_HUMAN,XP_025415248.1,83.737,289,47,0,1,289,1,289,0.0,508,90.31
sp|Q00535|CDK5_HUMAN,XP_026810799.1,83.391,289,48,0,1,289,1,289,0.0,508,90.31
sp|Q00535|CDK5_HUMAN,XP_022175048.1,83.391,289,48,0,1,289,1,289,0.0,508,90.66
sp|Q00535|CDK5_HUMAN,KAE9530902.1,80.936,299,47,1,1,289,1,299,7.38e-180,500,87.63
sp|Q00535|CDK5_HUMAN,VVC40196.1,52.577,291,130,6,4,288,25,313,1.79e-107,317,72.85
sp|Q00535|CDK5_HUMAN,VVC40941.1,53.425,292,131,5,1,289,1,290,5.61e-107,315,71.58
sp|P13569|CFTR_HUMAN,XP_026811074.1,25.335,1492,977,37,9,1421,205,1638,3.36e-132,451,47.05
sp|P13569|CFTR_HUMAN,XP_060841872.1,25.435,1494,973,36,9,1421,205,1638,6.97e-132,450,46.85
sp|P13569|CFTR_HUMAN,KAE9541664.1,25.766,1502,959,41,9,1421,193,1627,3.11e-131,448,47.34
sp|P13569|CFTR_HUMAN,KAF0771901.1,25.632,1502,961,41,9,1421,205,1639,2.87e-130,446,47.27
sp|P13569|CFTR_HUMAN,XP_022163687.1,25.502,1494,972,39,9,1421,205,1638,3.25e-130,446,47.05
sp|P13569|CFTR_HUMAN,XP_015364148.1,25.100,1494,978,39,9,1421,206,1639,1.74e-129,444,47.19
sp|P13569|CFTR_HUMAN,XP_025200248.1,25.648,1505,956,39,9,1421,205,1638,3.41e-129,442,46.91
sp|P13569|CFTR_HUMAN,XP_015364150.1,25.150,1499,971,41,9,1421,206,1639,3.71e-129,443,47.23
sp|P13569|CFTR_HUMAN,XP_050053256.1,25.434,1498,969,39,9,1421,205,1639,4.66e-129,442,47.26
sp|P13569|CFTR_HUMAN,XP_015364147.1,25.150,1499,972,41,9,1421,206,1640,7.38e-129,442,47.23
sp|Q96P65|QRFPR_HUMAN,CAH1714254.1,30.479,292,192,4,50,340,48,329,9.88e-42,155,54.79
sp|Q96P65|QRFPR_HUMAN,XP_027848915.2,30.479,292,192,4,50,340,48,329,1.20e-41,155,54.79
sp|Q96P65|QRFPR_HUMAN,XP_027848914.2,30.272,294,194,4,50,342,63,346,1.82e-41,154,54.42
sp|Q96P65|QRFPR_HUMAN,XP_025195446.1,28.758,306,207,4,38,342,56,351,4.73e-41,154,53.92
sp|Q96P65|QRFPR_HUMAN,XP_026810999.1,29.795,292,194,4,50,340,46,327,1.38e-40,152,54.11
sp|Q96P65|QRFPR_HUMAN,XP_026810998.1,29.795,292,194,4,50,340,58,339,2.08e-40,151,54.11
sp|Q96P65|QRFPR_HUMAN,XP_060841906.1,29.592,294,196,4,50,342,61,344,3.12e-40,151,53.74
sp|Q96P65|QRFPR_HUMAN,XP_060841905.1,29.592,294,196,4,50,342,71,354,4.28e-40,151,53.74
sp|Q96P65|QRFPR_HUMAN,XP_025203890.1,31.164,292,187,6,54,342,99,379,5.87e-40,150,53.42
sp|Q96P65|QRFPR_HUMAN,XP_050053372.1,29.965,287,186,5,55,341,63,334,6.11e-40,150,51.57
sp|Q9Y5N1|HRH3_HUMAN,CAI6346011.1,28.538,431,264,10,19,442,21,414,2.30e-46,168,48.03
sp|Q9Y5N1|HRH3_HUMAN,XP_060870306.1,29.371,429,263,11,19,442,21,414,1.26e-44,163,47.55
sp|Q9Y5N1|HRH3_HUMAN,XP_029343228.1,29.710,414,255,10,19,427,21,403,6.78e-44,161,48.07
sp|Q9Y5N1|HRH3_HUMAN,XP_022183060.1,28.250,400,253,8,44,442,48,414,7.21e-44,161,48.25
sp|Q9Y5N1|HRH3_HUMAN,XP_025416746.1,29.054,444,242,12,8,427,34,428,1.55e-43,160,47.30
sp|Q9Y5N1|HRH3_HUMAN,KAE9531585.1,28.261,414,278,8,18,427,24,422,1.40e-42,158,48.55
sp|Q9Y5N1|HRH3_HUMAN,XP_026808974.1,28.095,420,269,8,18,427,22,418,2.99e-42,157,47.14
sp|Q9Y5N1|HRH3_HUMAN,XP_060841346.1,28.095,420,269,8,18,427,22,418,4.64e-42,157,47.14
sp|Q9Y5N1|HRH3_HUMAN,VVC37344.1,29.911,448,273,11,9,427,12,447,5.95e-42,157,47.32
sp|Q9Y5N1|HRH3_HUMAN,KAF0773219.1,29.710,414,247,11,31,427,33,419,8.68e-42,156,46.62
sp|Q13085|ACACA_HUMAN,XP_025421724.1,61.249,2369,820,23,19,2341,65,2381,0.0,2939,75.22
sp|Q13085|ACACA_HUMAN,XP_025421726.1,61.249,2369,820,23,19,2341,48,2364,0.0,2939,75.22
sp|Q13085|ACACA_HUMAN,XP_025421727.1,61.249,2369,820,23,19,2341,29,2345,0.0,2939,75.22
sp|Q13085|ACACA_HUMAN,XP_025421723.1,61.249,2369,820,23,19,2341,66,2382,0.0,2938,75.22
sp|Q13085|ACACA_HUMAN,XP_050063896.1,61.600,2362,826,21,19,2343,11,2328,0.0,2938,75.32
sp|Q13085|ACACA_HUMAN,XP_025196304.1,61.545,2369,816,25,19,2343,66,2383,0.0,2937,75.39
sp|Q13085|ACACA_HUMAN,XP_025421728.1,61.249,2369,820,23,19,2341,11,2327,0.0,2937,75.22
sp|Q13085|ACACA_HUMAN,XP_050063895.1,61.600,2362,826,21,19,2343,29,2346,0.0,2936,75.32
sp|Q13085|ACACA_HUMAN,XP_050063893.1,61.600,2362,826,21,19,2343,66,2383,0.0,2936,75.32
sp|Q13085|ACACA_HUMAN,XP_026821747.1,61.633,2364,822,22,19,2343,29,2346,0.0,2934,75.21
sp|P21462|FPR1_HUMAN,VVC38130.1,28.024,339,211,11,14,341,52,368,7.98e-33,130,49.26
sp|P21462|FPR1_HUMAN,XP_025417715.1,27.042,355,223,10,3,341,28,362,6.69e-32,127,48.17
sp|P21462|FPR1_HUMAN,XP_027838253.2,28.049,328,205,10,25,341,52,359,2.56e-31,125,48.78
sp|P21462|FPR1_HUMAN,CAH1722162.1,28.049,328,205,10,25,341,52,359,2.56e-31,125,48.78
sp|P21462|FPR1_HUMAN,XP_060850636.1,28.049,328,205,10,25,341,55,362,2.56e-31,125,48.78
sp|P21462|FPR1_HUMAN,XP_026810241.1,28.049,328,205,10,25,341,55,362,3.12e-31,125,48.78
sp|P21462|FPR1_HUMAN,CAI6345347.1,28.049,328,205,10,25,341,53,360,3.51e-31,125,48.78
sp|P21462|FPR1_HUMAN,XP_060870076.1,28.049,328,205,10,25,341,53,360,3.69e-31,125,48.78
sp|P21462|FPR1_HUMAN,XP_025201819.1,28.049,328,205,10,25,341,47,354,3.72e-31,125,48.78
sp|P21462|FPR1_HUMAN,XP_022181634.1,27.744,328,206,9,25,341,57,364,3.85e-31,125,48.78
sp|Q9H228|S1PR5_HUMAN,XP_050056974.1,27.914,326,187,15,43,333,43,355,1.27e-15,80.9,42.64
sp|Q9H228|S1PR5_HUMAN,XP_029347514.1,26.462,325,197,13,43,335,41,355,9.70e-13,72.0,41.23
sp|Q9H228|S1PR5_HUMAN,XP_060834665.1,28.692,237,137,8,120,327,117,350,2.47e-11,67.8,42.62
sp|Q9H228|S1PR5_HUMAN,XP_022182436.1,28.692,237,137,8,120,327,118,351,2.81e-11,67.8,42.62
sp|Q9H228|S1PR5_HUMAN,XP_026804986.1,28.692,237,137,8,120,327,117,350,2.90e-11,67.4,42.62
sp|Q9H228|S1PR5_HUMAN,KAE9530904.1,41.026,78,45,1,251,327,76,153,5.94e-11,65.5,52.56
sp|Q9H228|S1PR5_HUMAN,KAF0770414.1,41.026,78,45,1,251,327,121,198,9.09e-11,65.5,52.56
sp|Q9H228|S1PR5_HUMAN,XP_001947553.2,33.077,130,80,3,222,346,482,609,1.53e-10,66.2,46.15
sp|Q9H228|S1PR5_HUMAN,XP_025205403.1,26.415,318,194,12,43,327,40,350,1.56e-10,65.5,39.94
sp|Q9H228|S1PR5_HUMAN,XP_025418808.1,35.398,113,64,3,216,327,469,573,1.59e-10,65.9,46.90
sp|P25090|FPR2_HUMAN,XP_027838253.2,28.144,334,209,10,13,335,44,357,4.45e-32,127,51.20
sp|P25090|FPR2_HUMAN,CAH1722162.1,28.144,334,209,10,13,335,44,357,4.45e-32,127,51.20
sp|P25090|FPR2_HUMAN,XP_060850636.1,28.144,334,209,10,13,335,47,360,4.79e-32,127,51.20
sp|P25090|FPR2_HUMAN,XP_026810241.1,28.144,334,209,10,13,335,47,360,5.44e-32,127,51.20
sp|P25090|FPR2_HUMAN,XP_001950448.2,28.144,334,209,10,13,335,45,358,7.28e-32,127,51.20
sp|P25090|FPR2_HUMAN,XP_025201819.1,28.485,330,205,10,17,335,43,352,7.46e-32,127,51.52
sp|P25090|FPR2_HUMAN,XP_022181634.1,28.144,334,209,10,13,335,49,362,7.57e-32,127,51.20
sp|P25090|FPR2_HUMAN,CAI6345347.1,28.144,334,209,10,13,335,45,358,7.61e-32,127,51.20
sp|P25090|FPR2_HUMAN,XP_060870076.1,28.144,334,209,10,13,335,45,358,8.09e-32,127,51.20
sp|P25090|FPR2_HUMAN,XP_025417715.1,27.576,330,208,10,17,335,51,360,2.60e-31,125,51.82
sp|P48775|T23O_HUMAN,XP_015371896.1,41.642,341,183,4,42,381,63,388,4.72e-91,282,64.52
sp|P48775|T23O_HUMAN,XP_025405368.1,39.623,371,202,6,20,389,10,359,1.46e-88,275,61.73
sp|P48775|T23O_HUMAN,XP_025405369.1,40.327,367,197,6,24,389,13,358,1.84e-88,275,61.85
sp|P48775|T23O_HUMAN,VVC39797.1,41.765,340,182,4,42,381,22,345,7.69e-84,262,64.12
sp|P48775|T23O_HUMAN,XP_060852741.1,40.762,341,186,4,42,381,29,354,1.10e-83,262,64.22
sp|P48775|T23O_HUMAN,XP_008186997.1,40.678,354,190,5,33,381,16,354,2.61e-83,261,63.28
sp|P48775|T23O_HUMAN,XP_027842319.1,38.251,366,207,5,20,381,4,354,3.89e-83,261,62.02
sp|P48775|T23O_HUMAN,XP_026804490.1,40.469,341,187,4,42,381,29,354,3.93e-83,261,63.93
sp|P48775|T23O_HUMAN,XP_060866171.1,41.349,341,184,4,42,381,28,353,4.38e-83,260,64.22
sp|P48775|T23O_HUMAN,XP_001945845.2,39.779,362,198,5,25,381,7,353,4.54e-83,261,62.71
sp|Q9HAZ1|CLK4_HUMAN,VVC41239.1,62.108,351,132,1,125,475,103,452,2.64e-161,467,78.92
sp|Q9HAZ1|CLK4_HUMAN,VVC41238.1,62.108,351,132,1,125,475,114,463,4.97e-161,467,78.92
sp|Q9HAZ1|CLK4_HUMAN,CAH1717018.1,60.969,351,136,1,125,475,9,358,1.35e-159,459,78.63
sp|Q9HAZ1|CLK4_HUMAN,VVC41240.1,61.538,351,134,1,125,475,103,452,1.52e-159,463,78.63
sp|Q9HAZ1|CLK4_HUMAN,XP_016660130.1,61.254,351,135,1,125,475,71,420,1.88e-159,461,78.35
sp|Q9HAZ1|CLK4_HUMAN,XP_001951299.1,61.254,351,135,1,125,475,102,451,2.31e-159,462,78.35
sp|Q9HAZ1|CLK4_HUMAN,XP_029345163.1,61.494,348,133,1,128,475,7,353,4.74e-159,458,78.45
sp|Q9HAZ1|CLK4_HUMAN,XP_027854255.1,60.969,351,136,1,125,475,103,452,4.97e-159,461,78.63
sp|Q9HAZ1|CLK4_HUMAN,VVC41241.1,62.500,344,128,1,132,475,60,402,5.31e-159,459,79.36
sp|Q9HAZ1|CLK4_HUMAN,XP_015369620.1,60.969,351,136,1,125,475,103,452,1.56e-158,460,78.06
sp|Q00975|CAC1B_HUMAN,XP_026808557.1,62.451,767,266,7,1120,1868,858,1620,0.0,1006,76.92
sp|Q00975|CAC1B_HUMAN,XP_026808557.1,61.391,676,230,8,74,719,111,785,0.0,755,74.26
sp|Q00975|CAC1B_HUMAN,XP_026808557.1,26.696,693,372,21,74,721,867,1468,2.93e-61,237,45.31
sp|Q00975|CAC1B_HUMAN,XP_026808557.1,25.595,336,209,9,1128,1437,110,430,6.78e-23,111,47.32
sp|Q00975|CAC1B_HUMAN,XP_026808557.1,26.923,260,178,4,1453,1711,530,778,7.31e-19,97.8,51.92
sp|Q00975|CAC1B_HUMAN,XP_026808566.1,62.451,767,266,7,1120,1868,858,1620,0.0,1006,76.92
sp|Q00975|CAC1B_HUMAN,XP_026808566.1,60.799,676,234,8,74,719,111,785,0.0,743,73.52
sp|Q00975|CAC1B_HUMAN,XP_026808566.1,26.696,693,372,21,74,721,867,1468,3.62e-61,237,45.31
sp|Q00975|CAC1B_HUMAN,XP_026808566.1,26.488,336,206,9,1128,1437,110,430,4.40e-24,115,47.92
sp|Q00975|CAC1B_HUMAN,XP_026808566.1,26.923,260,178,4,1453,1711,530,778,8.09e-19,97.8,51.92
sp|Q00975|CAC1B_HUMAN,XP_060853585.1,62.451,767,266,7,1120,1868,846,1608,0.0,1006,76.92
sp|Q00975|CAC1B_HUMAN,XP_060853585.1,61.848,671,228,9,74,719,111,778,0.0,756,75.11
sp|Q00975|CAC1B_HUMAN,XP_060853585.1,26.696,693,372,21,74,721,855,1456,3.89e-61,236,45.31
sp|Q00975|CAC1B_HUMAN,XP_060853585.1,25.595,336,209,9,1128,1437,110,430,8.25e-23,110,47.32
sp|Q00975|CAC1B_HUMAN,XP_060853585.1,26.923,260,178,4,1453,1711,523,771,8.90e-19,97.8,51.92
sp|Q00975|CAC1B_HUMAN,XP_060853580.1,62.451,767,266,7,1120,1868,858,1620,0.0,1006,76.92
sp|Q00975|CAC1B_HUMAN,XP_060853580.1,61.391,676,230,8,74,719,111,785,0.0,755,74.26
sp|Q00975|CAC1B_HUMAN,XP_060853580.1,26.696,693,372,21,74,721,867,1468,3.24e-61,237,45.31
sp|Q00975|CAC1B_HUMAN,XP_060853580.1,25.595,336,209,9,1128,1437,110,430,6.60e-23,111,47.32
sp|Q00975|CAC1B_HUMAN,XP_060853580.1,26.923,260,178,4,1453,1711,530,778,7.81e-19,97.8,51.92
sp|Q00975|CAC1B_HUMAN,XP_026808565.1,62.451,767,266,7,1120,1868,851,1613,0.0,1006,76.92
sp|Q00975|CAC1B_HUMAN,XP_026808565.1,61.848,671,228,9,74,719,111,778,0.0,756,75.11
sp|Q00975|CAC1B_HUMAN,XP_026808565.1,26.696,693,372,21,74,721,860,1461,4.58e-61,236,45.31
sp|Q00975|CAC1B_HUMAN,XP_026808565.1,25.595,336,209,9,1128,1437,110,430,8.47e-23,110,47.32
sp|Q00975|CAC1B_HUMAN,XP_026808565.1,26.923,260,178,4,1453,1711,523,771,9.06e-19,97.8,51.92
sp|Q00975|CAC1B_HUMAN,XP_060853583.1,62.451,767,266,7,1120,1868,846,1608,0.0,1006,76.92
sp|Q00975|CAC1B_HUMAN,XP_060853583.1,61.848,671,228,9,74,719,111,778,0.0,756,75.11
sp|Q00975|CAC1B_HUMAN,XP_060853583.1,26.696,693,372,21,74,721,855,1456,3.17e-61,237,45.31
sp|Q00975|CAC1B_HUMAN,XP_060853583.1,25.595,336,209,9,1128,1437,110,430,7.60e-23,110,47.32
sp|Q00975|CAC1B_HUMAN,XP_060853583.1,26.923,260,178,4,1453,1711,523,771,8.20e-19,97.8,51.92
sp|Q00975|CAC1B_HUMAN,XP_026808558.1,62.451,767,266,7,1120,1868,846,1608,0.0,1006,76.92
sp|Q00975|CAC1B_HUMAN,XP_026808558.1,61.848,671,228,9,74,719,111,778,0.0,755,75.11
sp|Q00975|CAC1B_HUMAN,XP_026808558.1,26.696,693,372,21,74,721,855,1456,2.77e-61,237,45.31
sp|Q00975|CAC1B_HUMAN,XP_026808558.1,25.595,336,209,9,1128,1437,110,430,7.24e-23,111,47.32
sp|Q00975|CAC1B_HUMAN,XP_026808558.1,26.923,260,178,4,1453,1711,523,771,7.36e-19,97.8,51.92
sp|Q00975|CAC1B_HUMAN,XP_060853588.1,62.451,767,266,7,1120,1868,858,1620,0.0,1006,76.92
sp|Q00975|CAC1B_HUMAN,XP_060853588.1,60.799,676,234,8,74,719,111,785,0.0,743,73.52
sp|Q00975|CAC1B_HUMAN,XP_060853588.1,26.696,693,372,21,74,721,867,1468,4.28e-61,236,45.31
sp|Q00975|CAC1B_HUMAN,XP_060853588.1,26.488,336,206,9,1128,1437,110,430,5.20e-24,114,47.92
sp|Q00975|CAC1B_HUMAN,XP_060853588.1,26.923,260,178,4,1453,1711,530,778,9.08e-19,97.8,51.92
sp|Q00975|CAC1B_HUMAN,XP_026808559.1,62.451,767,266,7,1120,1868,858,1620,0.0,1006,76.92
sp|Q00975|CAC1B_HUMAN,XP_026808559.1,61.391,676,230,8,74,719,111,785,0.0,755,74.26
sp|Q00975|CAC1B_HUMAN,XP_026808559.1,26.696,693,372,21,74,721,867,1468,4.59e-61,236,45.31
sp|Q00975|CAC1B_HUMAN,XP_026808559.1,25.595,336,209,9,1128,1437,110,430,8.55e-23,110,47.32
sp|Q00975|CAC1B_HUMAN,XP_026808559.1,26.923,260,178,4,1453,1711,530,778,8.84e-19,97.8,51.92
sp|Q00975|CAC1B_HUMAN,XP_060853589.1,62.451,767,266,7,1120,1868,851,1613,0.0,1005,76.92
sp|Q00975|CAC1B_HUMAN,XP_060853589.1,61.252,671,232,9,74,719,111,778,0.0,743,74.37
sp|Q00975|CAC1B_HUMAN,XP_060853589.1,26.696,693,372,21,74,721,860,1461,4.49e-61,236,45.31
sp|Q00975|CAC1B_HUMAN,XP_060853589.1,26.488,336,206,9,1128,1437,110,430,5.79e-24,114,47.92
sp|Q00975|CAC1B_HUMAN,XP_060853589.1,26.923,260,178,4,1453,1711,523,771,1.08e-18,97.4,51.92
tr|Q6L5J4|Q6L5J4_HUMAN,XP_026810241.1,28.302,318,186,9,18,316,47,341,1.03e-32,129,50.63
tr|Q6L5J4|Q6L5J4_HUMAN,XP_022181634.1,27.607,326,194,9,10,316,41,343,1.07e-32,129,50.31
tr|Q6L5J4|Q6L5J4_HUMAN,XP_025417715.1,27.987,318,187,9,18,316,47,341,1.34e-32,129,50.94
tr|Q6L5J4|Q6L5J4_HUMAN,XP_001950448.2,28.302,318,186,9,18,316,45,339,1.78e-32,129,50.63
tr|Q6L5J4|Q6L5J4_HUMAN,XP_060870076.1,28.302,318,186,9,18,316,45,339,1.88e-32,128,50.63
tr|Q6L5J4|Q6L5J4_HUMAN,CAI6345347.1,28.302,318,186,9,18,316,45,339,1.92e-32,128,50.63
tr|Q6L5J4|Q6L5J4_HUMAN,XP_060850636.1,28.302,318,186,9,18,316,47,341,2.21e-32,128,50.63
tr|Q6L5J4|Q6L5J4_HUMAN,XP_027838253.2,28.302,318,186,9,18,316,44,338,2.34e-32,128,50.63
tr|Q6L5J4|Q6L5J4_HUMAN,CAH1722162.1,28.302,318,186,9,18,316,44,338,2.34e-32,128,50.63
tr|Q6L5J4|Q6L5J4_HUMAN,XP_025201819.1,28.481,316,184,9,20,316,41,333,2.37e-32,128,50.63
sp|P19838|NFKB1_HUMAN,XP_027846208.1,41.515,330,160,5,38,366,12,309,1.32e-72,253,55.76
sp|P19838|NFKB1_HUMAN,XP_025205168.1,41.515,330,160,5,38,366,12,309,1.56e-72,253,55.76
sp|P19838|NFKB1_HUMAN,XP_026817162.1,41.515,330,160,5,38,366,12,309,1.79e-72,252,55.76
sp|P19838|NFKB1_HUMAN,XP_025205165.1,41.515,330,160,5,38,366,45,342,2.23e-72,253,55.76
sp|P19838|NFKB1_HUMAN,XP_060843162.1,41.515,330,160,5,38,366,12,309,2.42e-72,252,55.76
sp|P19838|NFKB1_HUMAN,XP_027846205.1,41.515,330,160,5,38,366,45,342,2.66e-72,253,55.76
sp|P19838|NFKB1_HUMAN,XP_022170156.1,40.909,330,162,4,38,366,12,309,2.67e-72,252,55.76
sp|P19838|NFKB1_HUMAN,XP_026817157.1,41.515,330,160,5,38,366,45,342,3.71e-72,252,55.76
sp|P19838|NFKB1_HUMAN,XP_060843139.1,41.515,330,160,5,38,366,45,342,4.10e-72,252,55.76
sp|P19838|NFKB1_HUMAN,XP_022170154.1,40.909,330,162,4,38,366,45,342,5.79e-72,252,55.76
sp|P21730|C5AR1_HUMAN,XP_060850636.1,24.762,315,219,7,11,314,34,341,2.13e-27,114,47.62
sp|P21730|C5AR1_HUMAN,XP_026810241.1,24.762,315,219,7,11,314,34,341,2.95e-27,114,47.30
sp|P21730|C5AR1_HUMAN,CAI6345347.1,24.615,325,223,8,5,314,22,339,9.00e-27,112,46.77
sp|P21730|C5AR1_HUMAN,XP_060870076.1,24.691,324,222,8,6,314,23,339,1.06e-26,112,46.60
sp|P21730|C5AR1_HUMAN,XP_001950448.2,24.691,324,222,8,6,314,23,339,1.15e-26,112,46.60
sp|P21730|C5AR1_HUMAN,XP_027838253.2,24.615,325,223,8,5,314,21,338,1.74e-26,112,46.46
sp|P21730|C5AR1_HUMAN,CAH1722162.1,24.615,325,223,8,5,314,21,338,1.74e-26,112,46.46
sp|P21730|C5AR1_HUMAN,XP_025201819.1,23.988,321,229,7,6,314,16,333,1.53e-25,109,46.11
sp|P21730|C5AR1_HUMAN,XP_022181634.1,24.415,299,212,6,27,314,48,343,2.93e-25,108,47.49
sp|P21730|C5AR1_HUMAN,XP_025417715.1,24.306,288,204,6,38,314,57,341,4.99e-25,107,48.61
sp|Q92769|HDAC2_HUMAN,VVC39950.1,76.446,484,100,3,9,478,7,490,0.0,776,85.54
sp|Q92769|HDAC2_HUMAN,XP_001946324.2,76.653,484,99,3,9,478,7,490,0.0,776,85.54
sp|Q92769|HDAC2_HUMAN,XP_026808289.1,76.446,484,100,3,9,478,7,490,0.0,775,85.33
sp|Q92769|HDAC2_HUMAN,XP_015367308.1,76.446,484,100,3,9,478,7,490,0.0,775,85.33
sp|Q92769|HDAC2_HUMAN,KAE9527381.1,76.556,482,103,3,9,480,7,488,0.0,774,85.48
sp|Q92769|HDAC2_HUMAN,XP_022172259.1,76.240,484,101,3,9,478,7,490,0.0,773,85.33
sp|Q92769|HDAC2_HUMAN,XP_025418363.1,76.033,484,102,3,9,478,7,490,0.0,772,85.33
sp|Q92769|HDAC2_HUMAN,XP_025202514.1,76.033,484,102,3,9,478,7,490,0.0,772,85.33
sp|Q92769|HDAC2_HUMAN,KAF0761661.1,75.992,479,101,3,14,478,1,479,0.0,761,85.18
sp|Q92769|HDAC2_HUMAN,XP_060859141.1,74.214,477,109,3,9,471,7,483,0.0,744,84.70
sp|P51452|DUS3_HUMAN,XP_025423079.1,51.351,148,70,2,31,177,44,190,9.77e-44,146,67.57
sp|P51452|DUS3_HUMAN,VVC44563.1,44.000,175,94,3,6,177,15,188,1.29e-43,146,64.00
sp|P51452|DUS3_HUMAN,CAI6364265.1,48.649,148,74,2,31,177,51,197,3.44e-42,142,68.92
sp|P51452|DUS3_HUMAN,CAI6364266.1,48.649,148,74,2,31,177,44,190,3.77e-42,142,68.92
sp|P51452|DUS3_HUMAN,XP_022180092.1,47.973,148,75,2,31,177,44,190,4.19e-42,142,68.92
sp|P51452|DUS3_HUMAN,XP_015375923.1,49.324,148,73,2,31,177,44,190,7.45e-42,141,68.24
sp|P51452|DUS3_HUMAN,XP_060874432.1,48.649,148,74,2,31,177,44,190,9.06e-42,141,68.92
sp|P51452|DUS3_HUMAN,KAE9536837.1,47.973,148,75,2,31,177,44,190,2.46e-41,140,68.92
sp|P51452|DUS3_HUMAN,XP_027848005.1,47.973,148,75,2,31,177,44,190,2.74e-41,140,68.92
sp|P51452|DUS3_HUMAN,KAF0757340.1,48.649,148,74,2,31,177,44,190,3.55e-41,140,68.24
sp|Q96GG9|DCNL1_HUMAN,XP_008181268.1,61.217,263,98,1,1,259,1,263,2.04e-122,352,80.99
sp|Q96GG9|DCNL1_HUMAN,XP_027840912.1,60.755,265,96,2,1,259,1,263,4.38e-122,351,81.51
sp|Q96GG9|DCNL1_HUMAN,XP_060878384.1,60.837,263,99,1,1,259,1,263,4.68e-122,351,80.61
sp|Q96GG9|DCNL1_HUMAN,XP_025422437.1,60.837,263,99,1,1,259,1,263,8.27e-122,350,80.61
sp|Q96GG9|DCNL1_HUMAN,XP_025207044.1,60.755,265,96,2,1,259,1,263,3.18e-121,349,80.75
sp|Q96GG9|DCNL1_HUMAN,KAF0768955.1,60.755,265,96,2,1,259,1,263,4.09e-121,348,80.75
sp|Q96GG9|DCNL1_HUMAN,XP_022173140.1,60.606,264,97,2,1,259,1,262,6.60e-121,348,81.06
sp|Q96GG9|DCNL1_HUMAN,XP_060851546.1,60.000,265,98,2,1,259,1,263,3.45e-120,346,81.13
sp|Q96GG9|DCNL1_HUMAN,XP_026821883.1,60.000,265,98,2,1,259,1,263,3.89e-120,346,81.13
sp|Q96GG9|DCNL1_HUMAN,XP_022173139.1,60.456,263,97,2,2,259,9,269,5.90e-120,346,80.99
sp|Q9NR97|TLR8_HUMAN,XP_029346827.1,27.328,827,446,26,43,829,48,759,2.51e-36,151,42.08
sp|Q9NR97|TLR8_HUMAN,XP_029346807.1,27.228,819,432,25,68,829,142,853,7.80e-35,147,41.88
sp|Q9NR97|TLR8_HUMAN,XP_029346807.1,26.687,652,394,18,134,751,55,656,1.69e-22,107,41.41
sp|Q9NR97|TLR8_HUMAN,XP_029346807.1,26.062,518,286,13,282,772,108,555,2.37e-16,87.8,40.73
sp|Q9NR97|TLR8_HUMAN,XP_026815260.1,25.802,810,434,26,65,818,439,1137,1.67e-34,147,41.60
sp|Q9NR97|TLR8_HUMAN,XP_026815260.1,24.321,847,430,27,53,774,137,897,6.46e-21,102,38.49
sp|Q9NR97|TLR8_HUMAN,XP_029346816.1,27.341,801,430,24,68,829,142,829,2.49e-34,145,42.32
sp|Q9NR97|TLR8_HUMAN,XP_029346816.1,26.555,595,361,16,213,751,58,632,1.77e-19,97.8,42.02
sp|Q9NR97|TLR8_HUMAN,XP_029346816.1,25.145,517,268,12,282,772,108,531,2.36e-13,77.8,39.26
sp|Q9NR97|TLR8_HUMAN,XP_016657461.1,27.106,819,433,25,68,829,142,853,5.52e-34,144,41.88
sp|Q9NR97|TLR8_HUMAN,XP_016657461.1,26.534,652,395,18,134,751,55,656,2.62e-22,107,41.41
sp|Q9NR97|TLR8_HUMAN,XP_016657461.1,26.062,518,286,13,282,772,108,555,2.04e-16,87.8,40.73
sp|Q9NR97|TLR8_HUMAN,XP_016657466.1,27.251,844,447,27,43,829,48,781,5.96e-34,144,41.71
sp|Q9NR97|TLR8_HUMAN,XP_016657462.1,27.239,815,433,25,68,829,142,849,6.80e-34,144,42.09
sp|Q9NR97|TLR8_HUMAN,XP_016657462.1,26.267,651,394,18,134,751,55,652,1.28e-21,104,41.17
sp|Q9NR97|TLR8_HUMAN,XP_016657462.1,25.869,518,283,14,282,772,108,551,1.08e-15,85.5,40.73
sp|Q9NR97|TLR8_HUMAN,XP_029346815.1,27.106,819,433,25,68,829,120,831,7.07e-34,144,41.88
sp|Q9NR97|TLR8_HUMAN,XP_029346815.1,26.365,641,388,16,134,751,55,634,8.91e-26,118,42.90
sp|Q9NR97|TLR8_HUMAN,XP_029346815.1,25.812,585,300,15,213,772,58,533,6.52e-18,92.8,38.80
sp|Q9NR97|TLR8_HUMAN,XP_029346822.1,28.133,814,478,27,43,829,48,781,7.94e-34,144,43.12
sp|Q9NR97|TLR8_HUMAN,XP_029346820.1,27.570,827,466,25,43,829,48,781,1.21e-33,143,41.72
sp|O95665|NTR2_HUMAN,XP_025404902.1,27.297,381,231,11,38,406,34,380,1.39e-33,134,48.29
sp|O95665|NTR2_HUMAN,XP_025404907.1,27.143,350,212,10,29,369,25,340,5.83e-31,125,49.71
sp|O95665|NTR2_HUMAN,VVC31572.1,27.731,357,213,8,29,377,39,358,7.42e-30,124,46.50
sp|O95665|NTR2_HUMAN,KAE9532109.1,27.397,365,213,9,29,378,38,365,1.45e-29,122,47.95
sp|O95665|NTR2_HUMAN,CAI6362262.1,27.577,359,220,10,29,378,41,368,9.45e-29,120,48.47
sp|O95665|NTR2_HUMAN,XP_008186229.1,27.855,359,219,10,29,378,39,366,1.34e-28,120,48.19
sp|O95665|NTR2_HUMAN,XP_025199720.1,27.222,360,210,9,29,373,38,360,5.08e-28,118,47.78
sp|O95665|NTR2_HUMAN,XP_026815961.1,27.731,357,212,11,29,373,38,360,5.78e-28,118,50.42
sp|O95665|NTR2_HUMAN,XP_026815971.1,26.966,356,208,9,29,369,38,356,7.81e-28,115,48.03
sp|O95665|NTR2_HUMAN,XP_050059414.1,27.195,353,219,11,29,373,38,360,8.43e-28,118,49.01
sp|P27986|P85A_HUMAN,XP_025412450.1,43.371,445,218,8,298,721,8,439,2.20e-114,355,61.35
sp|P27986|P85A_HUMAN,XP_022171632.1,42.664,443,222,9,298,721,8,437,9.04e-110,342,61.85
sp|P27986|P85A_HUMAN,XP_060881496.1,42.889,443,221,9,298,721,8,437,3.40e-109,341,61.63
sp|P27986|P85A_HUMAN,KAF0748263.1,42.534,442,222,9,298,720,23,451,3.58e-109,342,60.86
sp|P27986|P85A_HUMAN,XP_022161750.1,42.212,443,224,9,298,721,9,438,4.54e-109,341,61.63
sp|P27986|P85A_HUMAN,XP_025204100.1,42.534,442,222,8,298,720,8,436,4.59e-109,341,60.18
sp|P27986|P85A_HUMAN,XP_015370980.1,42.664,443,222,8,298,721,8,437,7.74e-109,340,60.95
sp|P27986|P85A_HUMAN,XP_027850322.1,42.534,442,222,8,298,720,8,436,9.09e-109,340,60.18
sp|P27986|P85A_HUMAN,XP_015375009.1,42.438,443,223,9,298,721,9,438,1.53e-108,339,61.85
sp|P27986|P85A_HUMAN,XP_060842189.1,42.308,442,223,9,298,720,8,436,4.05e-108,338,60.63
sp|Q9Y345|SC6A5_HUMAN,XP_027837895.1,43.049,597,303,6,177,757,1,576,1.13e-172,513,63.32
sp|Q9Y345|SC6A5_HUMAN,VVC25993.1,43.881,572,283,5,191,757,109,647,1.14e-172,515,64.16
sp|Q9Y345|SC6A5_HUMAN,KAE9545130.1,44.308,571,294,5,190,757,134,683,1.72e-172,516,64.80
sp|Q9Y345|SC6A5_HUMAN,XP_022178545.1,43.958,571,296,5,190,757,28,577,5.29e-172,511,64.62
sp|Q9Y345|SC6A5_HUMAN,CAI6350617.1,43.958,571,296,5,190,757,27,576,9.48e-172,511,64.62
sp|Q9Y345|SC6A5_HUMAN,XP_060866675.1,42.954,589,312,5,172,757,9,576,6.34e-171,508,63.33
sp|Q9Y345|SC6A5_HUMAN,XP_060837620.1,43.783,571,297,5,190,757,27,576,8.48e-171,508,64.62
sp|Q9Y345|SC6A5_HUMAN,XP_025208376.1,44.056,572,294,5,190,757,27,576,1.11e-170,508,64.16
sp|Q9Y345|SC6A5_HUMAN,XP_025417267.1,43.554,574,283,6,191,757,53,592,2.67e-170,507,64.46
sp|Q9Y345|SC6A5_HUMAN,XP_026814467.1,43.783,571,297,5,190,757,27,576,2.97e-170,507,64.62
sp|P09619|PGFRB_HUMAN,XP_022178525.1,40.447,403,200,9,587,979,594,966,1.51e-78,282,55.83
sp|P09619|PGFRB_HUMAN,XP_060867790.1,40.447,403,200,9,587,979,593,965,5.37e-78,281,55.58
sp|P09619|PGFRB_HUMAN,XP_022178522.1,40.447,403,200,9,587,979,823,1195,5.82e-78,283,55.83
sp|P09619|PGFRB_HUMAN,XP_022178522.1,21.971,487,320,18,16,459,17,486,2.74e-16,87.8,42.92
sp|P09619|PGFRB_HUMAN,XP_022178523.1,40.447,403,200,9,587,979,830,1202,7.46e-78,283,55.83
sp|P09619|PGFRB_HUMAN,XP_022178523.1,21.862,494,319,18,16,459,17,493,6.64e-17,89.7,41.90
sp|P09619|PGFRB_HUMAN,XP_015379293.1,40.199,403,201,9,587,979,594,966,7.58e-78,280,55.83
sp|P09619|PGFRB_HUMAN,XP_060867788.1,40.447,403,200,9,587,979,660,1032,8.64e-78,281,55.58
sp|P09619|PGFRB_HUMAN,XP_022178521.1,40.447,403,200,9,587,979,830,1202,9.28e-78,283,55.83
sp|P09619|PGFRB_HUMAN,XP_022178521.1,21.907,493,320,17,16,459,17,493,6.06e-17,90.1,41.99
sp|P09619|PGFRB_HUMAN,XP_060867789.1,40.447,403,200,9,587,979,646,1018,1.11e-77,281,55.58
sp|P09619|PGFRB_HUMAN,XP_001947268.3,40.695,403,199,9,587,979,593,965,1.17e-77,280,55.33
sp|P09619|PGFRB_HUMAN,XP_060867787.1,40.447,403,200,9,587,979,815,1187,1.44e-77,281,55.58
sp|P09619|PGFRB_HUMAN,XP_060867787.1,23.395,483,317,18,16,459,11,479,1.91e-18,94.7,43.27
sp|P37023|ACVL1_HUMAN,CAI6344315.1,50.835,419,190,4,84,492,95,507,2.12e-141,419,67.78
sp|P37023|ACVL1_HUMAN,XP_015379034.1,50.597,419,191,4,84,492,87,499,2.55e-141,419,67.78
sp|P37023|ACVL1_HUMAN,XP_025193758.1,51.190,420,187,5,84,492,87,499,2.85e-141,419,67.86
sp|P37023|ACVL1_HUMAN,XP_060879283.1,50.962,416,188,4,84,489,95,504,4.28e-141,418,68.03
sp|P37023|ACVL1_HUMAN,XP_022170125.1,50.835,419,190,4,84,492,87,499,6.08e-141,417,67.54
sp|P37023|ACVL1_HUMAN,XP_026808161.1,51.190,420,187,5,84,492,87,499,1.60e-140,417,67.86
sp|P37023|ACVL1_HUMAN,XP_027845047.1,51.190,420,187,5,84,492,88,500,1.86e-140,416,67.86
sp|P37023|ACVL1_HUMAN,XP_003245019.1,50.952,420,188,5,84,492,95,507,2.77e-140,416,67.62
sp|P37023|ACVL1_HUMAN,KAE9541290.1,51.559,417,184,5,84,489,124,533,4.56e-140,417,68.11
sp|P37023|ACVL1_HUMAN,KAF0757414.1,51.190,420,187,5,84,492,132,544,7.33e-140,417,67.86
sp|Q9Y2T6|GPR55_HUMAN,XP_029343937.1,26.102,295,178,12,32,300,69,349,2.08e-13,73.2,46.44
sp|Q9Y2T6|GPR55_HUMAN,XP_025425262.1,26.712,292,180,12,32,300,75,355,2.10e-13,73.2,46.58
sp|Q9Y2T6|GPR55_HUMAN,XP_022171371.1,26.102,295,178,12,32,300,69,349,2.12e-13,73.2,46.44
sp|Q9Y2T6|GPR55_HUMAN,XP_015367600.1,25.000,320,197,13,10,300,5,310,3.77e-13,72.4,45.00
sp|Q9Y2T6|GPR55_HUMAN,VVC45422.1,25.424,295,180,12,32,300,71,351,5.62e-13,72.0,46.44
sp|Q9Y2T6|GPR55_HUMAN,XP_026805021.1,24.923,325,198,14,5,300,43,350,5.81e-13,72.0,45.23
sp|Q9Y2T6|GPR55_HUMAN,XP_025193230.1,24.923,325,198,14,5,300,44,351,7.50e-13,71.6,45.23
sp|Q9Y2T6|GPR55_HUMAN,XP_060850267.1,25.424,295,180,12,32,300,70,350,7.90e-13,71.6,45.76
sp|Q9Y2T6|GPR55_HUMAN,XP_050060362.1,24.606,317,196,13,13,300,47,349,2.44e-12,70.1,45.43
sp|Q9Y2T6|GPR55_HUMAN,KAF0766405.1,33.824,136,83,4,32,164,20,151,4.68e-12,66.6,57.35
sp|Q15910|EZH2_HUMAN,XP_001947303.2,53.386,753,328,7,5,745,2,743,0.0,772,67.07
sp|Q15910|EZH2_HUMAN,XP_027841718.1,53.386,753,328,7,5,745,2,743,0.0,771,67.33
sp|Q15910|EZH2_HUMAN,CAI6348940.1,53.386,753,328,7,5,745,2,743,0.0,769,66.93
sp|Q15910|EZH2_HUMAN,XP_015364064.1,53.448,754,325,9,5,745,2,742,0.0,768,67.64
sp|Q15910|EZH2_HUMAN,KAF0746659.1,53.121,753,330,7,5,745,2,743,0.0,768,67.33
sp|Q15910|EZH2_HUMAN,XP_060840338.1,53.254,753,329,7,5,745,2,743,0.0,768,67.20
sp|Q15910|EZH2_HUMAN,XP_060878388.1,53.307,756,324,9,5,745,2,743,0.0,768,66.93
sp|Q15910|EZH2_HUMAN,XP_026810355.1,53.307,756,324,9,5,745,2,743,0.0,768,67.20
sp|Q15910|EZH2_HUMAN,XP_025198748.1,52.756,762,320,9,5,745,2,744,0.0,767,67.32
sp|Q15910|EZH2_HUMAN,VVC38260.1,52.803,767,314,11,5,745,2,746,0.0,766,67.01
sp|Q13304|GPR17_HUMAN,XP_025417715.1,26.426,333,224,7,30,347,26,352,2.20e-34,134,47.75
sp|Q13304|GPR17_HUMAN,XP_026810241.1,25.664,339,232,7,23,347,20,352,3.41e-34,134,48.38
sp|Q13304|GPR17_HUMAN,XP_060850636.1,25.664,339,232,7,23,347,20,352,3.42e-34,134,48.38
sp|Q13304|GPR17_HUMAN,VVC38130.1,26.518,313,209,6,51,347,51,358,5.62e-34,133,49.20
sp|Q13304|GPR17_HUMAN,CAI6345347.1,25.519,337,230,7,26,347,20,350,1.60e-33,132,47.77
sp|Q13304|GPR17_HUMAN,XP_027838253.2,25.904,332,225,7,30,346,23,348,2.23e-33,131,48.19
sp|Q13304|GPR17_HUMAN,CAH1722162.1,25.904,332,225,7,30,346,23,348,2.23e-33,131,48.19
sp|Q13304|GPR17_HUMAN,XP_025201819.1,25.220,341,233,7,23,347,10,344,2.68e-33,131,47.51
sp|Q13304|GPR17_HUMAN,XP_060870076.1,25.526,333,227,7,30,347,24,350,3.60e-33,130,47.75
sp|Q13304|GPR17_HUMAN,XP_001950448.2,25.526,333,227,7,30,347,24,350,4.09e-33,130,47.75
sp|P05121|PAI1_HUMAN,XP_025425900.1,33.241,361,230,6,48,402,59,414,3.18e-49,181,50.42
sp|P05121|PAI1_HUMAN,XP_025425900.1,26.121,379,246,10,38,401,458,817,1.67e-29,124,46.70
sp|P05121|PAI1_HUMAN,XP_015378983.1,29.381,388,251,11,30,402,48,427,1.84e-45,164,50.26
sp|P05121|PAI1_HUMAN,XP_022176797.1,29.381,388,251,11,30,402,48,427,2.59e-45,164,50.52
sp|P05121|PAI1_HUMAN,CAI6346098.1,29.381,388,251,11,30,402,48,427,3.13e-45,164,50.77
sp|P05121|PAI1_HUMAN,XP_050065741.1,30.591,389,245,11,30,402,48,427,3.26e-45,164,49.61
sp|P05121|PAI1_HUMAN,NP_001153315.1,29.381,388,251,11,30,402,48,427,4.27e-45,164,50.77
sp|P05121|PAI1_HUMAN,XP_060862157.1,29.381,388,251,11,30,402,48,427,5.83e-45,163,50.77
sp|P05121|PAI1_HUMAN,XP_060839323.1,30.155,388,248,11,30,402,48,427,2.20e-44,162,50.77
sp|P05121|PAI1_HUMAN,XP_026809550.1,30.077,389,247,11,30,402,48,427,6.94e-44,160,50.39
sp|P05121|PAI1_HUMAN,XP_025408175.1,28.646,384,243,12,38,402,71,442,8.61e-44,160,49.48
sp|Q05586|NMDZ1_HUMAN,XP_025194616.1,48.941,897,412,13,3,871,17,895,0.0,852,67.00
sp|Q05586|NMDZ1_HUMAN,VVC41655.1,49.885,872,396,13,23,871,40,893,0.0,847,68.00
sp|Q05586|NMDZ1_HUMAN,XP_022174474.1,48.770,894,415,13,6,871,20,898,0.0,847,66.78
sp|Q05586|NMDZ1_HUMAN,XP_026806534.1,49.312,872,401,12,23,871,42,895,0.0,845,67.89
sp|Q05586|NMDZ1_HUMAN,XP_015364359.1,49.197,872,402,11,23,871,42,895,0.0,844,67.43
sp|Q05586|NMDZ1_HUMAN,XP_060870851.1,49.312,872,403,12,23,871,42,897,0.0,844,67.66
sp|Q05586|NMDZ1_HUMAN,XP_060854203.1,49.312,872,401,12,23,871,42,895,0.0,843,67.78
sp|Q05586|NMDZ1_HUMAN,XP_001949860.2,49.312,872,403,12,23,871,42,897,0.0,843,67.66
sp|Q05586|NMDZ1_HUMAN,XP_027853794.2,48.991,892,409,15,6,869,20,893,0.0,842,67.15
sp|Q05586|NMDZ1_HUMAN,CAI6345579.1,48.829,897,419,14,1,871,15,897,0.0,842,67.11
sp|P21397|AOFA_HUMAN,XP_022168682.1,41.935,62,32,3,32,91,210,269,7.15e-04,45.4,64.52
sp|P21397|AOFA_HUMAN,XP_022168683.1,41.935,62,32,3,32,91,185,244,7.31e-04,45.4,64.52
sp|P21397|AOFA_HUMAN,CAI6360853.1,41.935,62,32,3,32,91,185,244,7.37e-04,45.4,64.52
sp|P21397|AOFA_HUMAN,XP_022168681.1,41.935,62,32,3,32,91,210,269,7.77e-04,45.4,64.52
sp|P21397|AOFA_HUMAN,VVC25102.1,41.935,62,32,3,32,91,185,244,0.001,45.1,64.52
sp|P21397|AOFA_HUMAN,KAE9529655.1,41.935,62,32,3,32,91,185,244,0.001,45.1,64.52
sp|P21397|AOFA_HUMAN,CAH1726618.1,41.935,62,32,3,32,91,185,244,0.001,45.1,64.52
sp|P21397|AOFA_HUMAN,XP_060874077.1,41.935,62,32,3,32,91,185,244,0.001,45.1,64.52
sp|P21397|AOFA_HUMAN,XP_060835474.1,41.935,62,32,3,32,91,185,244,0.001,45.1,64.52
sp|P21397|AOFA_HUMAN,XP_029345612.1,41.935,62,32,3,32,91,185,244,0.001,45.1,64.52
sp|P42345|MTOR_HUMAN,XP_025202668.1,56.398,2571,1007,24,12,2549,87,2576,0.0,2885,71.18
sp|P42345|MTOR_HUMAN,XP_025425031.1,56.596,2562,997,24,22,2549,75,2555,0.0,2883,71.55
sp|P42345|MTOR_HUMAN,XP_026815390.1,56.033,2561,1013,22,22,2549,90,2570,0.0,2868,71.07
sp|P42345|MTOR_HUMAN,KAE9530477.1,55.998,2559,1017,24,22,2549,68,2548,0.0,2864,71.16
sp|P42345|MTOR_HUMAN,XP_060837060.1,56.072,2561,1012,23,22,2549,6,2486,0.0,2862,71.03
sp|P42345|MTOR_HUMAN,KAF0759626.1,55.763,2568,1009,26,22,2549,71,2551,0.0,2858,71.18
sp|P42345|MTOR_HUMAN,CAH1709524.1,55.759,2561,1020,24,22,2549,6,2486,0.0,2855,71.07
sp|P42345|MTOR_HUMAN,XP_027842799.2,55.759,2561,1020,24,22,2549,6,2486,0.0,2853,71.03
sp|P42345|MTOR_HUMAN,XP_001948118.2,55.933,2562,1014,24,22,2549,6,2486,0.0,2849,71.08
sp|P42345|MTOR_HUMAN,XP_022175703.1,55.720,2570,1023,24,15,2549,84,2573,0.0,2838,70.70
sp|O14672|ADA10_HUMAN,VVC27671.1,42.875,821,381,22,2,744,3,813,0.0,615,56.64
sp|O14672|ADA10_HUMAN,VVC27672.1,43.695,801,366,21,22,744,42,835,0.0,615,56.93
sp|O14672|ADA10_HUMAN,XP_025425370.1,42.770,823,377,23,2,744,3,811,0.0,595,57.11
sp|O14672|ADA10_HUMAN,XP_060840865.1,43.300,806,360,22,22,744,20,811,0.0,581,56.58
sp|O14672|ADA10_HUMAN,XP_026809457.1,42.647,816,371,21,2,736,3,802,0.0,581,56.13
sp|O14672|ADA10_HUMAN,XP_060840866.1,43.413,797,355,21,22,736,20,802,0.0,580,56.84
sp|O14672|ADA10_HUMAN,XP_026809455.1,42.545,825,376,22,2,744,3,811,0.0,580,55.88
sp|O14672|ADA10_HUMAN,XP_027850858.1,42.698,808,368,22,2,736,3,788,0.0,579,56.93
sp|O14672|ADA10_HUMAN,XP_027850857.1,42.698,808,368,22,2,736,3,788,0.0,578,56.93
sp|O14672|ADA10_HUMAN,XP_027850856.1,42.698,808,368,22,2,736,3,788,0.0,578,56.93
sp|O75469|NR1I2_HUMAN,XP_050054432.1,26.786,392,242,9,28,412,15,368,1.91e-37,148,47.45
sp|O75469|NR1I2_HUMAN,XP_026814297.1,26.786,392,242,9,28,412,15,368,2.03e-37,148,47.45
sp|O75469|NR1I2_HUMAN,XP_022162355.1,27.047,403,241,11,18,412,160,517,3.27e-37,147,46.90
sp|O75469|NR1I2_HUMAN,XP_022162356.1,26.823,384,236,9,36,412,38,383,3.37e-37,147,47.40
sp|O75469|NR1I2_HUMAN,XP_015372971.1,27.295,403,240,11,18,412,155,512,3.38e-37,147,46.90
sp|O75469|NR1I2_HUMAN,XP_050054422.1,27.047,403,241,11,18,412,162,519,3.39e-37,147,46.90
sp|O75469|NR1I2_HUMAN,CAI6351096.1,27.047,403,241,11,18,412,157,514,3.47e-37,147,46.90
sp|O75469|NR1I2_HUMAN,XP_060878706.1,27.047,403,241,11,18,412,165,522,3.48e-37,147,46.90
sp|O75469|NR1I2_HUMAN,XP_016657682.1,27.047,403,241,11,18,412,179,536,3.54e-37,147,46.90
sp|O75469|NR1I2_HUMAN,XP_026814295.1,27.047,403,241,11,18,412,166,523,3.56e-37,147,46.90
sp|P42785|PCP_HUMAN,XP_027845262.2,48.922,464,210,4,48,485,26,488,7.34e-167,483,66.59
sp|P42785|PCP_HUMAN,CAH1721414.1,48.922,464,210,4,48,485,26,488,2.28e-166,482,66.59
sp|P42785|PCP_HUMAN,CAI6364822.1,48.156,461,216,2,48,485,23,483,8.05e-165,478,65.73
sp|P42785|PCP_HUMAN,KAF0749321.1,48.922,464,210,3,48,485,29,491,9.68e-165,480,65.95
sp|P42785|PCP_HUMAN,KAF0749321.1,52.000,50,24,0,54,103,509,558,4.96e-07,55.5,60.00
sp|P42785|PCP_HUMAN,XP_025204425.1,48.701,462,210,3,48,486,23,480,1.06e-164,478,65.37
sp|P42785|PCP_HUMAN,XP_060865169.1,48.485,462,213,3,48,485,23,483,3.58e-164,476,66.02
sp|P42785|PCP_HUMAN,XP_001949478.2,48.268,462,214,3,48,485,23,483,1.59e-163,475,66.02
sp|P42785|PCP_HUMAN,XP_015371392.1,48.164,463,214,3,48,485,23,484,1.79e-163,475,65.87
sp|P42785|PCP_HUMAN,XP_022163530.1,47.403,462,218,3,48,485,23,483,2.37e-161,469,65.80
sp|P42785|PCP_HUMAN,XP_060841186.1,47.505,461,219,2,48,485,38,498,2.62e-161,470,65.08
sp|P10646|TFPI1_HUMAN,XP_060859867.1,35.021,237,114,4,31,267,1573,1769,1.23e-33,133,46.41
sp|P10646|TFPI1_HUMAN,XP_060859867.1,34.979,243,117,5,54,267,1470,1700,6.05e-33,131,46.50
sp|P10646|TFPI1_HUMAN,XP_060859867.1,30.534,262,137,4,46,267,1641,1897,9.18e-29,119,42.75
sp|P10646|TFPI1_HUMAN,XP_060859867.1,31.111,180,92,5,119,267,1460,1638,3.14e-13,73.6,42.78
sp|P10646|TFPI1_HUMAN,XP_060859867.1,34.783,92,56,2,35,123,1828,1918,4.69e-11,66.6,54.35
sp|P10646|TFPI1_HUMAN,XP_003248188.1,34.979,243,117,5,54,267,1477,1707,3.98e-33,132,46.91
sp|P10646|TFPI1_HUMAN,XP_003248188.1,34.599,237,115,4,31,267,1580,1776,4.64e-32,129,46.41
sp|P10646|TFPI1_HUMAN,XP_003248188.1,33.040,227,115,4,42,267,1714,1904,9.59e-30,122,46.70
sp|P10646|TFPI1_HUMAN,XP_003248188.1,31.111,180,92,5,119,267,1467,1645,2.41e-13,73.6,43.33
sp|P10646|TFPI1_HUMAN,XP_003248188.1,34.783,92,56,2,35,123,1835,1925,3.41e-11,67.4,55.43
sp|P10646|TFPI1_HUMAN,XP_022174082.1,34.100,261,130,6,54,284,1465,1713,4.13e-33,132,45.59
sp|P10646|TFPI1_HUMAN,XP_022174082.1,33.333,243,122,4,31,273,1568,1770,1.53e-30,124,45.27
sp|P10646|TFPI1_HUMAN,XP_022174082.1,30.534,262,138,4,46,267,1636,1893,9.41e-30,122,42.37
sp|P10646|TFPI1_HUMAN,XP_022174082.1,30.556,180,93,5,119,267,1455,1633,2.84e-13,73.6,42.78
sp|P10646|TFPI1_HUMAN,XP_022174082.1,32.857,140,82,6,46,180,1835,1967,2.48e-11,67.8,48.57
sp|P10646|TFPI1_HUMAN,XP_025203207.1,34.112,214,96,3,54,267,1437,1605,5.72e-33,131,46.73
sp|P10646|TFPI1_HUMAN,XP_025203207.1,34.513,226,112,4,46,267,1608,1801,2.19e-31,127,48.23
sp|P10646|TFPI1_HUMAN,XP_025203207.1,30.531,226,123,3,42,267,1739,1930,3.24e-28,117,46.02
sp|P10646|TFPI1_HUMAN,XP_025203207.1,34.586,133,75,6,53,180,1879,2004,4.24e-10,63.9,50.38
sp|P10646|TFPI1_HUMAN,XP_025203209.1,34.112,214,96,3,54,267,1437,1605,5.82e-33,131,46.73
sp|P10646|TFPI1_HUMAN,XP_025203209.1,34.177,237,116,4,31,267,1540,1736,1.77e-31,127,46.84
sp|P10646|TFPI1_HUMAN,XP_025203209.1,31.679,262,135,6,46,267,1608,1865,2.65e-28,117,43.51
sp|P10646|TFPI1_HUMAN,XP_025203209.1,34.586,133,75,6,53,180,1814,1939,4.39e-10,63.9,50.38
sp|P10646|TFPI1_HUMAN,XP_060846634.1,33.716,261,131,6,54,284,1469,1717,6.41e-33,131,45.98
sp|P10646|TFPI1_HUMAN,XP_060846634.1,33.613,238,119,4,30,267,1570,1768,2.08e-31,127,46.22
sp|P10646|TFPI1_HUMAN,XP_060846634.1,32.443,262,133,6,46,267,1640,1897,1.82e-30,124,44.66
sp|P10646|TFPI1_HUMAN,XP_060846634.1,31.667,180,91,5,119,267,1459,1637,3.82e-14,76.3,43.33
sp|P10646|TFPI1_HUMAN,XP_060846634.1,33.835,133,76,6,53,180,1846,1971,3.70e-10,63.9,51.13
sp|P10646|TFPI1_HUMAN,XP_027848878.1,34.568,243,118,5,54,267,1462,1692,8.44e-33,130,46.91
sp|P10646|TFPI1_HUMAN,XP_027848878.1,34.177,237,116,4,31,267,1565,1761,8.52e-32,128,47.26
sp|P10646|TFPI1_HUMAN,XP_027848878.1,32.061,262,134,7,46,267,1633,1890,2.29e-30,124,46.56
sp|P10646|TFPI1_HUMAN,XP_027848878.1,31.073,177,84,5,123,267,1460,1630,1.14e-13,74.7,43.50
sp|P10646|TFPI1_HUMAN,XP_027848878.1,42.857,63,33,1,53,112,1839,1901,1.58e-09,62.0,61.90
sp|P10646|TFPI1_HUMAN,XP_025203210.1,34.112,214,96,3,54,267,1437,1605,1.03e-32,130,46.73
sp|P10646|TFPI1_HUMAN,XP_025203210.1,34.513,226,112,4,46,267,1608,1801,3.18e-31,126,48.23
sp|P10646|TFPI1_HUMAN,XP_025203210.1,30.531,226,123,3,42,267,1739,1930,4.71e-28,117,46.02
sp|P10646|TFPI1_HUMAN,XP_025203210.1,44.444,63,32,1,53,112,1879,1941,6.40e-10,63.2,61.90
sp|P10646|TFPI1_HUMAN,XP_026818118.1,34.156,243,119,5,54,267,1473,1703,1.72e-32,130,46.91
sp|P10646|TFPI1_HUMAN,XP_026818118.1,34.034,238,118,4,30,267,1574,1772,5.94e-32,128,46.64
sp|P10646|TFPI1_HUMAN,XP_026818118.1,30.973,226,122,3,42,267,1710,1901,6.05e-29,119,46.02
sp|P10646|TFPI1_HUMAN,XP_026818118.1,31.667,180,91,5,119,267,1463,1641,3.92e-14,76.3,43.33
sp|P10646|TFPI1_HUMAN,XP_026818118.1,40.260,77,41,2,53,124,1850,1926,1.99e-10,65.1,59.74
sp|P10646|TFPI1_HUMAN,XP_015370892.1,32.806,253,109,4,54,267,1086,1316,2.83e-32,129,43.87
sp|P10646|TFPI1_HUMAN,XP_015370892.1,34.177,237,116,5,31,267,1189,1385,1.43e-31,127,48.10
sp|P10646|TFPI1_HUMAN,XP_015370892.1,31.679,262,135,6,46,267,1257,1514,2.66e-28,117,43.13
sp|P10646|TFPI1_HUMAN,XP_015370892.1,28.877,187,87,4,119,267,1076,1254,1.95e-13,73.9,41.71
sp|P10646|TFPI1_HUMAN,XP_015370892.1,32.667,150,87,7,38,180,1446,1588,1.78e-10,65.1,46.67